source_symbol,source_exchange,master_id
NCM AU,ASX,129294
NAB AU,ASX,129279
RHC AU,ASX,129573
ANZ AU,ASX,128223
MQG AU,ASX,129234
STO AU,ASX,129742
S32 AU,ASX,129623
WPL AU,ASX,129964
ORG AU,ASX,129393
TLS AU,ASX,129803
APA AU,ASX,128233
CSL AU,ASX,128570
WBC AU,ASX,129923
SHL AU,ASX,129667
TCL AU,ASX,129776
COL AU,ASX,128550
WOW AU,ASX,129963
EVN AU,ASX,128748
COH AU,ASX,128548
AGL AU,ASX,128159
WES AU,ASX,129937
CBA AU,ASX,128456
TWE AU,ASX,129856
K,TSX,80538
AEM,TSX,80508
ARX,TSX,86051
WPM,TSX,80563
SNC,TSX,80552
ATD.B,TSX,86058
ENB,TSX,80530
BAM.A,TSX,86071
FM,TSX,80531
GIL,TSX,80535
KL,TSX,80539
GIB.A,TSX,86290
PPL,TSX,80547
SLF,TSX,80555
IMO,TSX,80536
WEED,TSX,80525
CCL.B,TSX,86110
CSU,TSX,80527
WN,TSX,80534
CPG,TSX,86150
DOL,TSX,80528
QSR,TSX,80549
CTC.A,TSX,86168
L,TSX,80540
SAP,TSX,80553
SJR.B,TSX,86574
CCO,TSX,80519
EMA,TSX,80529
FNV,TSX,80533
NA,TSX,80544
POW,TSX,80548
FTS,TSX,80532
MRU,TSX,80543
IPL,TSX,80537
OTEX,TSX,80546
RCI.B,TSX,86535
600887 CH,SHSE,124671
600519 CH,SHSE,77646
000858 CH,SZSE,126017
300015 CH,SZSE,127159
600900 CH,SHSE,124682
000333 CH,SZSE,125741
600048 CH,SHSE,123970
000002 CH,SZSE,125673
603288 CH,SHSE,125087
001979 CH,SZSE,126124
300498 CH,SZSE,127631
002304 CH,SZSE,126420
600276 CH,SHSE,124163
600340 CH,SHSE,124219
BATS LN,LSE,79731
ABF LN,LSE,79741
HSBA LN,LSE,77673
HL. LN,LSE,79760
TW LN,LSE,79785
VOD LN,LSE,77677
AZN LN,LSE,77669
BDEV LN,LSE,79780
DLG LN,LSE,79799
PSN LN,LSE,79764
RTO LN,LSE,79759
SMIN LN,LSE,79784
IMI LN,LSE,79822
AV LN,LSE,79749
MNDI LN,LSE,79766
WPP LN,LSE,79761
SGRO LN,LSE,79751
ITV LN,LSE,79809
CNA LN,LSE,79834
FERG LN,LSE,79748
LAND LN,LSE,79781
BP LN,LSE,77675
BKG LN,LSE,79782
OCDO LN,LSE,79750
KGF LN,LSE,79805
III LN,LSE,79756
HIK LN,LSE,79778
IMB LN,LSE,79740
EZJ LN,LSE,79813
STJ LN,LSE,79789
SSE LN,LSE,79745
TPK LN,LSE,79818
STAN LN,LSE,79742
LGEN LN,LSE,79746
CPG LN,LSE,79737
LLOY LN,LSE,79735
REL LN,LSE,79733
SMDS LN,LSE,79792
DGE LN,LSE,77676
SN LN,LSE,79744
AHT LN,LSE,79752
JMAT LN,LSE,79798
GSK LN,LSE,77674
RIO LN,LSE,77678
ULVR LN,LSE,77671
BNZL LN,LSE,79774
MNG LN,LSE,79800
BRBY LN,LSE,79771
ITRK LN,LSE,79755
IHG LN,LSE,79762
UU LN,LSE,79770
SDR LN,LSE,79753
HLMA LN,LSE,79758
PSON LN,LSE,79795
RR LN,LSE,79763
MRW LN,LSE,79790
ANTO LN,LSE,79757
SPX LN,LSE,79768
BARC LN,LSE,77672
INF LN,LSE,79772
MKS LN,LSE,79830
BT.A LN,LSE,79747
ABDN LN,LSE,79779
SGE LN,LSE,79765
SVT LN,LSE,79777
LSEG LN,LSE,79734
CCH LN,LSE,80119
NXT LN,LSE,79769
MRO LN,LSE,79783
RKT LN,LSE,79732
BA LN,LSE,79739
PRU LN,LSE,77670
AAL LN,LSE,79738
NG LN,LSE,77679
TSCO LN,LSE,79736
PFC LN,LSE,79936
MAERSKB DC,CPSE,82787
GN DC,CPSE,82784
DSV DC,CPSE,82782
CARLB DC,CPSE,82778
PNDORA DC,CPSE,82791
NOVO.B DC,CPSE,77651
GMAB DC,CPSE,82783
ORSTED DC,CPSE,82790
COLOB DC,CPSE,82779
NZYMB DC,CPSE,82789
DANSKE DC,CPSE,82780
VWS DC,CPSE,82795
EDF FP,ENXTPA,122066
BNP FP,ENXTPA,80481
TTE FP,ENXTPA,122396
GFC FP,ENXTPA,122119
TEP FP,ENXTPA,122384
CS FP,ENXTPA,80477
ENGI FP,ENXTPA,80488
AIR FP,ENXTPA,121734
SCR FP,ENXTPA,122351
HO FP,ENXTPA,80502
SGO FP,ENXTPA,80499
VIV FP,ENXTPA,80505
ML FP,ENXTPA,80493
UBI FP,ENXTPA,122398
PUB FP,ENXTPA,80496
AKE FP,ENXTPA,121736
SU FP,ENXTPA,77664
GLE FP,ENXTPA,80500
LI FP,ENXTPA,122172
CA FP,ENXTPA,80484
ALO FP,ENXTPA,121891
EN FP,ENXTPA,80482
SESG FP,ENXTPA,122357
SAF FP,ENXTPA,80498
MC FP,ENXTPA,77648
KER FP,ENXTPA,80491
EDEN FP,ENXTPA,122065
ETL FP,ENXTPA,122084
IPN FP,ENXTPA,122154
RI FP,ENXTPA,80494
EL FP,ENXTPA,80489
VIE FP,ENXTPA,80503
OR FP,ENXTPA,77650
MMB FP,ENXTPA,122281
SW FP,ENXTPA,80501
ATO FP,ENXTPA,80480
DSY FP,ENXTPA,80487
RNO FP,ENXTPA,80497
RMS FP,ENXTPA,80490
LR FP,ENXTPA,80492
SEV FP,ENXTPA,122359
AF FP,ENXTPA,121732
BN FP,ENXTPA,80486
CAP FP,ENXTPA,80483
STM FP,ENXTPA,122378
SAN FP,ENXTPA,77657
ACA FP,ENXTPA,80485
DG FP,ENXTPA,80504
AI FP,ENXTPA,80479
AC FP,ENXTPA,80478
FR FP,ENXTPA,122109
PRX NA,ENXTAM,77655
MT NA,ENXTAM,122476
ASML NA,ENXTAM,77656
AKZA NA,ENXTAM,79718
KPN NA,ENXTAM,79724
RDSA NA,ENXTAM,77654
INGA NA,ENXTAM,79723
CCEP NA,ENXTAM,122441
DSM NA,ENXTAM,79720
PHIA NA,ENXTAM,79726
AD NA,ENXTAM,79717
NN NA,ENXTAM,79725
ADYEN NA,ENXTAM,79715
ABN NA,ENXTAM,79714
HEIA NA,ENXTAM,79721
AGN NA,ENXTAM,79716
RAND NA,ENXTAM,79727
URW NA,ENXTAM,122508
WKL NA,ENXTAM,79730
HOLN SW,SWX,79504
UBSG SW,SWX,79513
SIKA SW,SWX,79508
NESN SW,SWX,77641
ROG SW,SWX,77642
SLHN SW,SWX,79510
ADEN SW,SWX,79499
ABBN SW,SWX,79498
SREN SW,SWX,79511
LONN SW,SWX,79505
ZURN SW,SWX,79514
ALC SW,SWX,79500
CFR SW,SWX,79506
UHR SW,SWX,79509
CSGN SW,SWX,79501
GIVN SW,SWX,79503
SGSN SW,SWX,79507
SCMN SW,SWX,79512
GEBN SW,SWX,79502
DPW GY,XTRA,82764
IFX GY,XTRA,82771
FRE GY,XTRA,82767
EOAN GY,XTRA,82766
SIE GY,XTRA,77662
VNA GY,XTRA,82775
1COV GY,XTRA,82759
DB1 GY,XTRA,82762
VOW3 GY,XTRA,82774
RWE GY,XTRA,82773
DAI GY,XTRA,82760
BAYN GY,XTRA,82755
ADS GY,XTRA,82754
BMW GY,XTRA,82757
CON GY,XTRA,82758
FME GY,XTRA,82768
BEI GY,XTRA,82756
DBK GY,XTRA,82761
LHA GY,XTRA,82763
HEN3 GY,XTRA,82770
BAS GY,XTRA,77667
AT1 GY,XTRA,138407
SDF GY,XTRA,138408
DTE GY,XTRA,82765
ALV GY,XTRA,77661
HEI GY,XTRA,82769
MRK GY,XTRA,82772
SAP GY,XTRA,77653
INFO IN,NSEI,61008
ITC IN,NSEI,61020
HUVR IN,NSEI,60945
TTMT IN,NSEI,61586
TCS IN,NSEI,61580
WPRO IN,NSEI,61714
2454 TT,TWSE,82671
2330 TT,TWSE,77644
2882 TT,TWSE,82678
1216 TT,TWSE,82675
2317 TT,TWSE,82670
2303 TT,TWSE,82691
2002 TT,TWSE,82684
2412 TT,TWSE,82672
2409 TT,TWSE,82719
4543 JP,TSE,80753
8766 JP,TSE,80758
7203 JP,TSE,77649
4507 JP,TSE,80723
2413 JP,TSE,80651
4661 JP,TSE,115299
6367 JP,TSE,80591
2503 JP,TSE,80642
6752 JP,TSE,80709
2897 JP,TSE,114427
4528 JP,TSE,115219
9684 JP,TSE,117227
4452 JP,TSE,80635
4911 JP,TSE,80724
6971 JP,TSE,80649
2269 JP,TSE,80657
7201 JP,TSE,80691
9983 JP,TSE,80606
4523 JP,TSE,80603
2914 JP,TSE,80628
5108 JP,TSE,80576
4519 JP,TSE,80582
8113 JP,TSE,116733
7751 JP,TSE,80577
8267 JP,TSE,80565
6869 JP,TSE,116134
7974 JP,TSE,116650
8035 JP,TSE,80761
6981 JP,TSE,116191
4063 JP,TSE,80721
8316 JP,TSE,80739
6594 JP,TSE,116003
2502 JP,TSE,80572
6758 JP,TSE,77660
6098 JP,TSE,80711
3382 JP,TSE,80719
2587 JP,TSE,114315
6954 JP,TSE,80605
8802 JP,TSE,80662
7267 JP,TSE,77666
6861 JP,TSE,116128
3659 JP,TSE,113816
8306 JP,TSE,77663
4502 JP,TSE,80750
9434 JP,TSE,113819
9433 JP,TSE,80638
4751 JP,TSE,80587
6503 JP,TSE,80661
8411 JP,TSE,80673
9984 JP,TSE,80728
6501 JP,TSE,80617
6902 JP,TSE,80597
7741 JP,TSE,116516
4503 JP,TSE,80574
8001 JP,TSE,80624
7269 JP,TSE,80743
2802 JP,TSE,80567
4568 JP,TSE,80590
017670 KS,KOSE,79528
005930 KS,KOSE,77643
000660 KS,KOSE,79515
036570 KS,KOSE,79521
005490 KS,KOSE,79525
035420 KS,KOSE,79516
051910 KS,KOSE,79518
066570 KS,KOSE,79535
068270 KS,KOSE,79517
005380 KS,KOSE,79520
012330 KS,KOSE,79523
033780 KS,KOSE,79531
015760 KS,KOSE,79538
KEP SP,SGX,74412
UOB SP,SGX,74644
OCBC SP,SGX,74573
CIT SP,SGX,74439
WIL SP,SGX,74493
ST SP,SGX,74666
DBS SP,SGX,74467
STE SP,SGX,74617
STH SP,SGX,74453
SIA SP,SGX,74447
1186 HK,SEHK,74781
576 HK,SEHK,76053
390 HK,SEHK,75929
762 HK,SEHK,76188
1109 HK,SEHK,74688
753 HK,SEHK,76180
1199 HK,SEHK,74869
1055 HK,SEHK,74747
670 HK,SEHK,76118
992 HK,SEHK,76331
386 HK,SEHK,75925
5 HK,SEHK,75616
1800 HK,SEHK,74732
728 HK,SEHK,76164
1 HK,SEHK,75612
288 HK,SEHK,75850
883 HK,SEHK,76262
836 HK,SEHK,76227
941 HK,SEHK,76299
688 HK,SEHK,76133
1177 HK,SEHK,74687
1093 HK,SEHK,74689
939 HK,SEHK,76298
6030 HK,SEHK,74702
2319 HK,SEHK,74693
700 HK,SEHK,76143
1299 HK,SEHK,74674
2600 HK,SEHK,74817
338 HK,SEHK,75888
16 HK,SEHK,75626
241 HK,SEHK,75813
2883 HK,SEHK,74725
384 HK,SEHK,75923
101 HK,SEHK,75700
1099 HK,SEHK,74731
857 HK,SEHK,76241
1088 HK,SEHK,74703
788 HK,SEHK,74682
3968 HK,SEHK,74685
3383 HK,SEHK,74755
1113 HK,SEHK,74698
2378 HK,SEHK,75140
3328 HK,SEHK,74743
2689 HK,SEHK,74806
694 HK,SEHK,76137
551 HK,SEHK,76036
151 HK,SEHK,75744
1919 HK,SEHK,74874
144 HK,SEHK,75738
3323 HK,SEHK,74720
2899 HK,SEHK,74774
2269 HK,SEHK,74707
2318 HK,SEHK,74675
6823 HK,SEHK,74753
3690 HK,SEHK,74672
2388 HK,SEHK,74700
1398 HK,SEHK,74683
3988 HK,SEHK,74684
914 HK,SEHK,76286
669 HK,SEHK,76117
916 HK,SEHK,76288
1288 HK,SEHK,74697
1928 HK,SEHK,74677
291 HK,SEHK,75853
1038 HK,SEHK,74726
19 HK,SEHK,75629
177 HK,SEHK,75762
2628 HK,SEHK,74692
1211 HK,SEHK,74710
168 HK,SEHK,75755
2 HK,SEHK,75613
323 HK,SEHK,75877
388 HK,SEHK,75927
322 HK,SEHK,75876
489 HK,SEHK,75990
6 HK,SEHK,75617
358 HK,SEHK,75902
6808 HK,SEHK,74736
2888 HK,SEHK,74818
2688 HK,SEHK,74704
1193 HK,SEHK,74721
981 HK,SEHK,76323
12 HK,SEHK,75623
1128 HK,SEHK,74730
11 HK,SEHK,75622
1988 HK,SEHK,74754
23 HK,SEHK,75633
2328 HK,SEHK,74709
66 HK,SEHK,75672
4 HK,SEHK,75615
3 HK,SEHK,75614
A,NYSE,42800
AA,NYSE,42801
AAP,NYSE,42804
ABB,NYSE,42808
ABBV,NYSE,42809
ABC,NYSE,42810
ABG,NYSE,42812
ABT,NYSE,42815
CB,NYSE,42819
ACN,NYSE,42824
ADM,NYSE,42830
ADS,NYSE,42832
AEE,NYSE,42836
AEG,NYSE,42837
AEO,NYSE,42840
AER,NYSE,42842
AES,NYSE,42843
AFG,NYSE,42847
AFL,NYSE,42848
AGCO,NYSE,42852
AIG,NYSE,42869
AIZ,NYSE,42874
AJG,NYSE,42875
ALB,NYSE,42881
ALE,NYSE,42883
ALK,NYSE,42887
ALL,NYSE,42888
ALLE,NYSE,42889
ALLY,NYSE,42890
ALV,NYSE,42894
AME,NYSE,42899
AMG,NYSE,42901
AMH,NYSE,42902
AMP,NYSE,42904
AMT,NYSE,42906
AN,NYSE,42910
ANET,NYSE,42911
ANF,NYSE,42912
ANTM,NYSE,42917
AON,NYSE,42922
AOS,NYSE,42923
APD,NYSE,42929
APH,NYSE,42931
APO,NYSE,42933
ARE,NYSE,42940
ARW,NYSE,42951
ASB,NYSE,42953
ASH,NYSE,42957
ATI,NYSE,42965
ATO,NYSE,42967
ATR,NYSE,42968
AVB,NYSE,42980
AVT,NasdaqGS,42988
AVY,NYSE,42990
AWI,NYSE,42993
AWK,NYSE,42994
AXP,NYSE,43000
AYI,NYSE,43004
AZO,NYSE,43008
BA,NYSE,43011
BABA,NYSE,43012
BAC,NYSE,43013
BAH,NYSE,43015
BAX,NYSE,43022
TFC,NYSE,43030
BBY,NYSE,43034
BCE,NYSE,43038
BCS,NYSE,43044
BDX,NYSE,43049
BEN,NYSE,43052
BERY,NYSE,43054
BG,NYSE,43061
BIG,NYSE,43081
BIO,NYSE,43083
BK,NYSE,43089
BKH,NYSE,43092
BLK,NYSE,43099
BLL,NYSE,43100
BMO,NYSE,43108
BMY,NYSE,43111
BNS,NYSE,43114
BOH,NYSE,43117
BP,NYSE,43123
BR,NYSE,43131
BRO,NYSE,43134
BSX,NYSE,43148
BUD,NYSE,43158
BWA,NYSE,43162
BX,NYSE,43167
BXP,NYSE,43172
BXS,NYSE,43173
C,NYSE,43177
CACI,NYSE,43179
CAG,NYSE,43182
CAH,NYSE,43183
CAJ,NYSE,43184
CAT,NYSE,43190
CBRE,NYSE,43196
CBT,NYSE,43204
CCI,NYSE,43210
CCK,NYSE,43212
CCL,NYSE,43213
CE,NYSE,43222
CF,NYSE,43232
CFG,NYSE,43233
CFR,NYSE,43236
CHD,NYSE,43242
CI,NYSE,43256
CIEN,NYSE,43260
CL,NYSE,43272
CLB,NYSE,43273
CLF,NYSE,43277
CLW,NYSE,43284
CLX,NYSE,43285
CM,NYSE,43286
CMA,NYSE,43287
CMC,NYSE,43288
CMG,NYSE,43290
CMI,NYSE,43291
CMP,NYSE,43296
CMS,NYSE,43298
CNA,NYSE,43300
CNC,NYSE,43301
CNHI,NYSE,43303
CNI,NYSE,43304
CNP,NYSE,43309
CNQ,NYSE,43310
COF,NYSE,43317
TPR,NYSE,43319
COO,NYSE,43321
COR,NYSE,43323
COTY,NYSE,43326
CP,NYSE,43328
CPB,NYSE,43331
CR,NYSE,43341
CRI,NYSE,43345
CRL,NYSE,43347
CRM,NYSE,43348
CRS,NYSE,43350
CS,NYSE,43353
CSL,NYSE,43358
CSX,NasdaqGS,43365
CTLT,NYSE,43368
CUBE,NYSE,43373
CVE,NYSE,43379
CVS,NYSE,43385
CVX,NYSE,43387
D,NYSE,43403
DAL,NYSE,43405
DAN,NYSE,43406
DB,NYSE,43410
DBD,NYSE,43411
DDD,NYSE,43420
DDS,NYSE,43424
DE,NYSE,43425
DEO,NYSE,43430
DFS,NYSE,43434
DG,NYSE,43436
DGX,NYSE,43438
DHI,NYSE,43441
DHR,NYSE,43442
DIS,NYSE,43447
DKS,NYSE,43450
DLB,NYSE,43452
DLR,NYSE,43454
DOV,NYSE,43470
DD,NYSE,43471
DPZ,NYSE,43476
DRE,NYSE,43481
DRI,NYSE,43483
DTE,NYSE,43494
DUK,NYSE,43497
DVA,NYSE,43499
EAT,NYSE,43509
OVV,NYSE,43514
ECL,NYSE,43516
ED,NYSE,43520
EDU,NYSE,43527
EFX,NYSE,43536
EGP,NYSE,43541
EIX,NYSE,43546
EL,NYSE,43548
ELY,NYSE,43553
EMN,NYSE,43559
EMR,NYSE,43561
EPAM,NYSE,43580
EQR,NYSE,43586
EQT,NYSE,43588
ERJ,NYSE,43592
ESS,NYSE,43601
ETN,NYSE,43609
ETR,NYSE,43612
EVR,NYSE,43627
EW,NYSE,43630
EXC,NasdaqGS,43633
EXP,NYSE,43639
EXR,NYSE,43641
F,NYSE,43642
FBHS,NYSE,43648
STLA,NYSE,43652
FDS,NYSE,43662
FDX,NYSE,43663
FE,NYSE,43664
FHN,NYSE,43677
FICO,NYSE,43680
FHI,NYSE,43683
FIS,NYSE,43684
FL,NYSE,43686
FLO,NYSE,43688
FLR,NYSE,43689
FLS,NYSE,43690
FLT,NYSE,43691
FMC,NYSE,43694
FMS,NYSE,43698
FNF,NYSE,43704
FR,NYSE,43714
FRT,NYSE,43719
FTI,NYSE,43726
G,NYSE,43734
ITGR,NYSE,43738
TGNA,NYSE,43745
GD,NYSE,43748
GE,NYSE,43755
GES,NYSE,43762
GGG,NYSE,43772
GIS,NYSE,43786
GLOB,NYSE,43788
GLW,NYSE,43793
GM,NYSE,43794
GMED,NYSE,43796
GNRC,NYSE,43803
GPC,NYSE,43809
GPI,NYSE,43810
GPN,NYSE,43813
GPS,NYSE,43815
GS,NYSE,43824
GSK,NYSE,43827
GWW,NYSE,43838
H,NYSE,43842
HAL,NYSE,43844
HBI,NYSE,43847
HCA,NYSE,43849
WELL,NYSE,43853
PEAK,NYSE,43854
HD,NYSE,43855
HE,NYSE,43857
HEI,NYSE,43858
HES,NYSE,43862
HFC,NYSE,43864
HIG,NYSE,43874
HII,NYSE,43875
HLF,NYSE,43883
HLT,NYSE,43885
HMC,NYSE,43887
HOG,NYSE,43896
HON,NasdaqGS,43897
HP,NYSE,43901
HPQ,NYSE,43905
SVC,NasdaqGS,43907
HRC,NYSE,43913
HRL,NYSE,43915
LHX,NYSE,43916
HSBC,NYSE,43918
HSY,NYSE,43922
HUM,NYSE,43933
HUN,NYSE,43934
HXL,NYSE,43938
IBM,NYSE,43950
ICE,NYSE,43956
IFF,NYSE,43962
INFY,NYSE,43986
ING,NYSE,43987
INGR,NYSE,43988
IP,NYSE,43995
IPG,NYSE,43996
IR,NYSE,44000
IRM,NYSE,44004
IT,NYSE,44009
ITT,NYSE,44012
ITW,NYSE,44014
IVZ,NYSE,44018
JBL,NYSE,44021
JCI,NYSE,44024
J,NYSE,44028
JKS,NYSE,44039
JNJ,NYSE,44049
JNPR,NYSE,44050
JPM,NYSE,44059
JWN,NYSE,44070
K,NYSE,44071
KAR,NYSE,44074
KBH,NYSE,44077
KEP,NYSE,44085
KEX,NYSE,44086
KEY,NYSE,44087
KEYS,NYSE,44088
KIM,NYSE,44094
KKR,NYSE,44098
KMB,NYSE,44099
KMI,NYSE,44102
KMT,NYSE,44105
KMX,NYSE,44106
KNX,NYSE,44112
KO,NYSE,44113
KR,NYSE,44119
KSS,NYSE,44126
KSU,NYSE,44128
L,NYSE,44136
LAD,NYSE,44137
LAZ,NYSE,44140
BBWI,NYSE,44141
LDOS,NYSE,44148
LEA,NYSE,44151
LEN,NYSE,44156
LFC,NYSE,44160
LH,NYSE,44165
LII,NYSE,44167
LLY,NYSE,44171
LMT,NYSE,44173
LNC,NYSE,44174
LNT,NasdaqGS,44178
LOW,NYSE,44182
LPX,NYSE,44187
JEF,NYSE,44194
LUV,NYSE,44195
LVS,NYSE,44198
LYB,NYSE,44204
LYV,NYSE,44206
M,NYSE,44208
MA,NYSE,44209
MAA,NYSE,44210
MAC,NYSE,44211
MAS,NYSE,44215
MCD,NYSE,44224
MCK,NYSE,44226
MCO,NYSE,44228
MD,NYSE,44233
MDP,NYSE,44236
MDT,NYSE,44238
MDU,NYSE,44239
MET,NYSE,44245
MFC,NYSE,44247
MGA,NYSE,44255
MHK,NYSE,44264
MKC,NYSE,44280
MKL,NYSE,44281
MLM,NYSE,44283
MMC,NYSE,44287
MMM,NYSE,44290
MO,NYSE,44301
MOH,NYSE,44304
MOS,NYSE,44307
MPC,NYSE,44310
MRK,NYSE,44323
MRO,NYSE,44324
MS,NYSE,44325
MSCI,NYSE,44328
MSI,NYSE,44331
MTB,NYSE,44337
MTD,NYSE,44338
MTH,NYSE,44341
MTN,NYSE,44343
MTX,NYSE,44351
MUR,NYSE,44359
MXL,NYSE,44375
NCR,NYSE,44407
NEE,NYSE,44416
NEM,NYSE,44418
NEWR,NYSE,44424
NFG,NYSE,44425
NGG,NYSE,44428
NI,NYSE,44435
NJR,NYSE,44442
NKE,NYSE,44444
NLSN,NYSE,44449
NLY,NYSE,44450
NNN,NYSE,44465
NOC,NYSE,44470
NOK,NYSE,44471
NOV,NYSE,44474
NOW,NYSE,44475
NRG,NYSE,44495
NSC,NYSE,44502
NUE,NYSE,44517
NVR,NYSE,44525
NVS,NYSE,44527
NWL,NasdaqGS,44531
NWN,NYSE,44532
NYCB,NYSE,44541
NYT,NYSE,44544
O,NYSE,44545
OC,NYSE,44551
OGE,NYSE,44560
OGS,NYSE,44561
OI,NYSE,44563
OKE,NYSE,44568
OLN,NYSE,44570
OMC,NYSE,44573
OMI,NYSE,44576
ORA,NYSE,44583
ORAN,NYSE,44584
OSK,NYSE,44587
OXY,NYSE,44591
PAG,NYSE,44597
PANW,NYSE,44602
PAYC,NYSE,44605
PBH,NYSE,44610
PBI,NYSE,44611
PBR,NYSE,44612
PEG,NYSE,44631
PEP,NasdaqGS,44634
PFE,NYSE,44639
PFG,NasdaqGS,44640
PG,NYSE,44646
PGR,NYSE,44652
PH,NYSE,44655
PHM,NYSE,44661
PKG,NYSE,44670
PKI,NYSE,44671
PKX,NYSE,44673
PLD,NYSE,44675
POLY,NYSE,44678
PM,NYSE,44679
PNC,NYSE,44688
PNM,NYSE,44692
PNR,NYSE,44693
PNW,NYSE,44694
POR,NYSE,44699
PPG,NYSE,44702
PPL,NYSE,44703
PRGO,NYSE,44712
PRU,NYSE,44716
PSA,NYSE,44717
PSB,NYSE,44718
PSO,NYSE,44721
PSX,NYSE,44722
PTR,NYSE,44726
PVH,NYSE,44731
PWR,NYSE,44733
PXD,NYSE,44735
R,NYSE,44749
RAD,NYSE,44750
RCL,NYSE,44761
RE,NYSE,44766
REG,NasdaqGS,44767
RF,NYSE,44775
RH,NYSE,44784
RHI,NYSE,44785
RIG,NYSE,44789
RIO,NYSE,44791
RJF,NYSE,44794
RL,NYSE,44797
RMD,NYSE,44805
RNG,NYSE,44811
RNR,NYSE,44814
ROK,NYSE,44816
ROL,NYSE,44817
ROP,NYSE,44818
RPM,NYSE,44821
RS,NYSE,44827
RSG,NYSE,44829
RY,NYSE,44841
SAH,NYSE,44848
SAIC,NYSE,44849
SAM,NYSE,44851
SAP,NYSE,44853
SCHW,NYSE,44866
SEAS,NYSE,44878
SEE,NYSE,44879
SF,NYSE,44884
SHAK,NYSE,44896
SHW,NYSE,44901
SIG,NYSE,44903
SIX,NYSE,44905
SJI,NYSE,44906
SJM,NYSE,44907
SKT,NYSE,44912
SKX,NYSE,44913
SLB,NYSE,44914
SLG,NYSE,44917
SMG,NYSE,44922
SMP,NYSE,44926
SNA,NYSE,44928
SONY,NYSE,44929
SNN,NYSE,44932
SNV,NYSE,44936
SNX,NYSE,44937
SO,NYSE,44939
SON,NYSE,44941
SPG,NYSE,44947
SPR,NYSE,44951
SPXC,NYSE,44952
SRE,NYSE,44958
LSI,NYSE,44971
STM,NYSE,44984
STT,NYSE,44992
SU,NYSE,44996
SUI,NYSE,44997
SWK,NYSE,45007
SWX,NYSE,45010
SYF,NYSE,45019
SYK,NYSE,45020
SYY,NYSE,45023
T,NYSE,45025
TAL,NYSE,45030
TAP,NYSE,45032
TECK,NYSE,45039
TD,NYSE,45044
TDC,NYSE,45045
TDG,NYSE,45047
TDS,NYSE,45048
TDY,NYSE,45050
TEF,NYSE,45052
TEL,NYSE,45055
TER,NasdaqGS,45059
TEVA,NYSE,45061
TEX,NYSE,45062
TFX,NYSE,45063
TGT,NYSE,45069
THC,NYSE,45070
THO,NYSE,45072
THS,NYSE,45075
TJX,NYSE,45080
TM,NYSE,45091
TMHC,NYSE,45093
GL,NYSE,45094
TMO,NYSE,45095
TOL,NYSE,45103
TTE,NYSE,45105
TPX,NYSE,45113
TRGP,NYSE,45121
TRI,NYSE,45122
TRN,NYSE,45125
TRP,NYSE,45128
TRV,NYSE,45132
TSM,NYSE,45140
TSN,NYSE,45141
TTC,NYSE,45146
TU,NYSE,45151
TWTR,NYSE,45160
TXT,NYSE,45163
UAL,NasdaqGS,45170
UDR,NYSE,45177
UGI,NYSE,45181
UHS,NYSE,45183
UL,NYSE,45187
UNF,NYSE,45191
UNH,NYSE,45192
UNM,NYSE,45193
UNP,NYSE,45194
UPS,NYSE,45197
URI,NYSE,45198
USB,NYSE,45201
USM,NYSE,45204
V,NYSE,45213
VALE,NYSE,45216
VC,NasdaqGS,45219
VEEV,NYSE,45224
VFC,NYSE,45226
VIPS,NYSE,45232
VLO,NYSE,45236
VMC,NYSE,45241
VMW,NYSE,45245
VNO,NYSE,45247
VOYA,NYSE,45250
BHC,NYSE,45256
VTR,NYSE,45263
VZ,NYSE,45268
W,NYSE,45269
WAB,NYSE,45270
WAT,NYSE,45275
WBS,NYSE,45279
WCN,NYSE,45283
WDAY,NasdaqGS,45285
WEC,NYSE,45288
WFC,NYSE,45292
WGO,NYSE,45296
WHR,NYSE,45299
WIT,NYSE,45302
WLK,NYSE,45306
WM,NYSE,45310
WMB,NYSE,45311
WMT,NYSE,45316
WNS,NYSE,45320
WOR,NYSE,45321
WPP,NYSE,45324
WRB,NYSE,45329
WSM,NYSE,45333
WSO,NYSE,45334
WST,NYSE,45336
WTS,NYSE,45340
WU,NYSE,45342
WWE,NYSE,45345
WY,NYSE,45348
TNL,NYSE,45349
X,NYSE,45350
XEL,NasdaqGS,45353
XOM,NYSE,45359
XPO,NYSE,45362
XRX,NasdaqGS,45365
XYL,NYSE,45367
Y,NYSE,45368
YUM,NYSE,45373
ZBH,NYSE,45382
ZTS,NYSE,45388
DECK,NYSE,45392
ORCL,NYSE,45396
AAL,NasdaqGS,45402
AAPL,NasdaqGS,45406
ABMD,NasdaqGS,45419
ACGL,NasdaqGS,45428
ADBE,NasdaqGS,45447
ADI,NasdaqGS,45450
ADP,NasdaqGS,45455
ADSK,NasdaqGS,45460
ADTN,NasdaqGS,45461
AEIS,NasdaqGS,45468
AKAM,NasdaqGS,45499
ALGN,NasdaqGS,45507
ALGT,NasdaqGS,45508
ALKS,NasdaqGS,45510
ALNY,NasdaqGS,45513
AMAT,NasdaqGS,45522
AMBA,NasdaqGS,45523
AMCX,NasdaqGS,45528
AMGN,NasdaqGS,45531
AMKR,NasdaqGS,45533
AMZN,NasdaqGS,45549
ANSS,NasdaqGS,45561
ASML,NasdaqGS,45608
ASTE,NasdaqGS,45615
ATVI,NasdaqGS,45639
AVGO,NasdaqGS,45647
BBBY,NasdaqGS,45669
BB,NYSE,45679
BIDU,NasdaqGS,45707
BIIB,NasdaqGS,45708
BJRI,NasdaqGS,45715
BLDP,NasdaqGS,45722
BMRN,NasdaqGS,45735
BRKS,NasdaqGS,45762
CAKE,NasdaqGS,45797
CASY,NasdaqGS,45819
CCMP,NasdaqGS,45843
CDNS,NasdaqGS,45852
CDW,NasdaqGS,45854
CERN,NasdaqGS,45867
CG,NasdaqGS,45881
CGNX,NasdaqGS,45884
CHKP,NasdaqGS,45896
CHRW,NasdaqGS,45902
CHTR,NasdaqGS,45903
CINF,NasdaqGS,45911
CMCSA,NasdaqGS,45939
CME,NasdaqGS,45942
CNSL,NasdaqGS,45960
COLM,NasdaqGS,45974
COMM,NasdaqGS,45975
CONE,NasdaqGS,45977
COST,NasdaqGS,45984
CPRT,NasdaqGS,45995
CRUS,NasdaqGS,46020
CSCO,NasdaqGS,46027
CSIQ,NasdaqGS,46033
CTAS,NasdaqGS,46041
TCOM,NasdaqGS,46052
CTSH,NasdaqGS,46055
CTXS,NasdaqGS,46058
CVLT,NasdaqGS,46069
CWST,NasdaqGS,46076
DIOD,NasdaqGS,46122
DISCA,NasdaqGS,46123
DISH,NasdaqGS,46126
DLTR,NasdaqGS,46130
DXCM,NasdaqGS,46161
EA,NasdaqGS,46173
EBAY,NasdaqGS,46176
ENPH,NasdaqGS,46233
ENTG,NasdaqGS,46237
EQIX,NasdaqGS,46249
ERIC,NasdaqGS,46251
EWBC,NasdaqGS,46282
EXAS,NasdaqGS,46285
EXPD,NasdaqGS,46290
EXPE,NasdaqGS,46291
FAST,NasdaqGS,46302
FB,NasdaqGS,46304
FFIV,NasdaqGS,46339
FISV,NasdaqGS,46350
FITB,NasdaqGS,46351
FIVE,NasdaqGS,46352
FIZZ,NasdaqGS,46354
FLEX,NasdaqGS,46356
FSLR,NasdaqGS,46412
FTNT,NasdaqGS,46423
FULT,NasdaqGS,46429
FWRD,NasdaqGS,46435
GILD,NasdaqGS,46473
GNTX,NasdaqGS,46498
GOOGL,NasdaqGS,46505
GPRO,NasdaqGS,46509
GRMN,NasdaqGS,46514
GTLS,NYSE,46525
HAIN,NasdaqGS,46538
HAS,NasdaqGS,46542
HBAN,NasdaqGS,46546
HCSG,NasdaqGS,46563
HOLX,NasdaqGS,46604
HSIC,NasdaqGS,46614
IART,NasdaqGS,46642
ICLR,NasdaqGS,46656
IDXX,NasdaqGS,46665
ILMN,NasdaqGS,46687
INCY,NasdaqGS,46701
INTC,NasdaqGS,46716
INTU,NasdaqGS,46719
IPGP,NasdaqGS,46731
IONS,NasdaqGS,46750
ISRG,NasdaqGS,46753
ITRI,NasdaqGS,46761
JBHT,NasdaqGS,46771
JBLU,NasdaqGS,46772
JD,NasdaqGS,46777
JKHY,NasdaqGS,46782
KLAC,NasdaqGS,46816
LAMR,NasdaqGS,46843
LECO,NasdaqGS,46862
LKQ,NasdaqGS,46882
LOGI,NasdaqGS,46904
LPLA,NasdaqGS,46914
LRCX,NasdaqGS,46922
LSCC,NasdaqGS,46924
LSTR,NasdaqGS,46925
LULU,NasdaqGS,46932
MANH,NasdaqGS,46943
MANT,NasdaqGS,46944
MAT,NasdaqGS,46949
MCHP,NasdaqGS,46967
MDLZ,NasdaqGS,46977
MDRX,NasdaqGS,46978
MKSI,NasdaqGS,47020
MNRO,NasdaqGS,47037
MNST,NasdaqGS,47038
MPWR,NasdaqGS,47054
MRVL,NasdaqGS,47065
MSFT,NasdaqGS,47070
MU,NasdaqGS,47084
NAVI,NasdaqGS,47103
NBIX,NasdaqGS,47105
NCLH,NYSE,47110
NDAQ,NasdaqGS,47113
NFLX,NasdaqGS,47130
NICE,NasdaqGS,47134
NKTR,NasdaqGS,47138
NTAP,NasdaqGS,47155
NTCT,NasdaqGS,47156
NTES,NasdaqGS,47157
NTGR,NasdaqGS,47158
NTRS,NasdaqGS,47163
NUAN,NasdaqGS,47165
NVAX,NasdaqGS,47169
NVDA,NasdaqGS,47171
NWSA,NasdaqGS,47186
NXPI,NasdaqGS,47187
ODFL,NasdaqGS,47202
OLED,NasdaqGS,47214
ON,NasdaqGS,47224
ORLY,NasdaqGS,47239
PAYX,NasdaqGS,47274
PBCT,NasdaqGS,47276
PCAR,NasdaqGS,47283
BKNG,NasdaqGS,47287
PDCO,NasdaqGS,47299
PEGA,NasdaqGS,47307
PENN,NasdaqGS,47310
PLUG,NasdaqGS,47351
PODD,NasdaqGS,47366
POOL,NasdaqGS,47367
PTEN,NasdaqGS,47422
PZZA,NasdaqGS,47436
QCOM,NasdaqGS,47444
QGEN,NYSE,47447
QRVO,NasdaqGS,47464
REGI,NasdaqGS,47503
REGN,NasdaqGS,47504
RGLD,NasdaqGS,47519
RMBS,NasdaqGS,47532
ROST,NasdaqGS,47550
SABR,NasdaqGS,47578
SAFM,NasdaqGS,47580
SANM,NasdaqGS,47589
SAVE,NYSE,47593
SBAC,NasdaqGS,47594
SBGI,NasdaqGS,47599
SBUX,NasdaqGS,47605
SFM,NasdaqGS,47629
SGEN,NasdaqGS,47635
SIRI,NasdaqGS,47670
SIVB,NasdaqGS,47672
SKYW,NasdaqGS,47679
SLAB,NasdaqGS,47681
SLGN,NasdaqGS,47683
SMTC,NasdaqGS,47704
SNPS,NasdaqGS,47715
RBBN,NasdaqGS,47726
SPWR,NasdaqGS,47751
SRCL,NasdaqGS,47758
SSYS,NasdaqGS,47771
STLD,NasdaqGS,47780
STX,NasdaqGS,47793
SWKS,NasdaqGS,47807
NLOK,NasdaqGS,47811
SYNA,NasdaqGS,47813
TNDM,NasdaqGS,47884
TRIP,NasdaqGS,47899
TRMB,NasdaqGS,47901
TRMK,NasdaqGS,47902
TROW,NasdaqGS,47906
TSCO,NasdaqGS,47914
TSLA,NasdaqGS,47916
TTEK,NasdaqGS,47924
TTWO,NasdaqGS,47931
TXN,NasdaqGS,47940
ULTA,NasdaqGS,47968
UNFI,NYSE,47975
URBN,NasdaqGS,47983
VOD,NasdaqGS,48040
VRSK,NasdaqGS,48051
VRSN,NasdaqGS,48052
VRTX,NasdaqGS,48057
WABC,NasdaqGS,48080
WBA,NasdaqGS,48087
WDC,NasdaqGS,48091
WDFC,NasdaqGS,48092
WYNN,NasdaqGS,48141
XLNX,NasdaqGS,48147
XRAY,NasdaqGS,48156
YY,NasdaqGS,48167
Z,NasdaqGS,48168
ZBRA,NasdaqGS,48171
ZION,NasdaqGS,48177
AMD,NasdaqGS,48187
DOX,NasdaqGS,48188
GT,NasdaqGS,48190
MAR,NasdaqGS,48191
ODP,NasdaqGS,48194
PPC,NasdaqGS,48226
PTC,NasdaqGS,49341
RDS.A,NYSE,49401
SYNH,NasdaqGS,49479
SEDG,NasdaqGS,49521
BF.B,NYSE,67685
BRK.B,NYSE,67686
KHC,NasdaqGS,67691
PYPL,NasdaqGS,67692
ES,NYSE,67693
LNG,NYSEAM,67787
NG,NYSEAM,67800
WRK,NYSE,68507
LITE,NasdaqGS,68508
HPE,NYSE,68511
TMUS,NasdaqGS,68526
ENR,NYSE,68533
WLTW,NasdaqGS,68561
AGR,NYSE,68562
TWLO,NYSE,68595
SPGI,NYSE,68596
AC,NYSE,68605
TDOC,NYSE,68607
PSTG,NYSE,68618
FTV,NYSE,68621
SQ,NYSE,68629
PFGC,NYSE,68632
SUM,NYSE,68635
CC,NYSE,68642
ETSY,NasdaqGS,68672
RUN,NasdaqGS,68726
TEAM,NasdaqGS,68765
INFO,NYSE,68786
SHOP,NYSE,68798
USFD,NYSE,68816
ADNT,NYSE,68822
UAA,NYSE,68824
ZG,NasdaqGS,68836
NTNX,NasdaqGS,68838
HUBB,NYSE,68840
VVV,NYSE,68841
YUMC,NYSE,68842
CNDT,NasdaqGS,68849
TTD,NasdaqGS,68894
AMN,NYSE,68898
SNAP,NYSE,68937
RELX,NYSE,68943
RACE,NYSE,68985
SR,NYSE,68991
COUP,NasdaqGS,69021
DXC,NYSE,69024
INVH,NYSE,69042
LW,NYSE,69050
NOVN,NasdaqGS,69085
PK,NYSE,69112
CVNA,NYSE,69132
GOOS,NYSE,69173
APPN,NasdaqGS,69226
ATUS,NYSE,69228
JHG,NYSE,69275
RDFN,NasdaqGS,69285
BKR,NYSE,69316
ROKU,NasdaqGS,69342
VST,NYSE,69347
IQV,NYSE,69376
NTR,NYSE,69436
APTV,NYSE,69465
DBX,NasdaqGS,69543
SPOT,NYSE,69562
CDAY,NYSE,69571
DOCU,NasdaqGS,69574
INSP,NYSE,69579
EQH,NYSE,69630
BJ,NYSE,69680
ARLO,NYSE,69726
EVRG,NYSE,69740
NXGN,NasdaqGS,69749
GH,NasdaqGS,69811
LTHM,NYSE,69825
PLAN,NYSE,69827
CCEP,NasdaqGS,69855
ACA,NYSE,69859
LIN,NYSE,69864
MRNA,NasdaqGS,69892
DELL,NYSE,69900
CPRI,NYSE,69902
NFE,NasdaqGS,69926
LYFT,NasdaqGS,71617
DOW,NYSE,71639
BYND,NasdaqGS,71673
UBER,NYSE,71692
ZM,NasdaqGS,71694
PINS,NYSE,71696
AVTR,NYSE,71706
TME,NYSE,71719
CTVA,NYSE,71720
AMCR,NYSE,71722
CHWY,NYSE,71727
IAA,NYSE,71745
FOXA,NasdaqGS,71785
VIAC,NasdaqGS,76385
APA,NasdaqGS,82799
CARR,NYSE,82800
STZ,NYSE,82801
HWM,NYSE,82802
OTIS,NYSE,82803
TT,NYSE,82804
RTX,NYSE,82805
TXG,NasdaqGS,83088
PFC,NasdaqGS,83094
PTON,NasdaqGS,83102
NCNO,NasdaqGS,83253
DKNG,NasdaqGS,83319
FROG,NasdaqGS,83330
RKT,NYSE,83337
ACI,NYSE,83343
AMWL,NYSE,83357
SNOW,NYSE,83358
GDRX,NasdaqGS,84086
AZN,NasdaqGS,84098
AEP,NasdaqGS,84099
KDP,NasdaqGS,84101
DASH,NYSE,84916
VTRS,NasdaqGS,84923
NKLA,NasdaqGS,84924
WTRG,NYSE,84925
LUMN,NYSE,84927
MMP,NYSE,84931
EPD,NYSE,84933
HST,NasdaqGS,84936
ABNB,NasdaqGS,86750
OPEN,NasdaqGS,86802
AI,NYSE,86822
RBLX,NYSE,113804
MP,NYSE,113942
OTLY,NasdaqGS,120068
COIN,NasdaqGS,120122
FSR,NYSE,120221
SNY,NasdaqGS,120680
NWG,NYSE,120683
ENBL,NYSE,120690
NS,NYSE,120732
PAA,NasdaqGS,120739
AB,NYSE,120748
LCID,NasdaqGS,120784
SBNY,NasdaqGS,134664
GOOG,NasdaqGS,135030
MLKN,NasdaqGS,47024
BHP,NYSE,43077
AMOV,NYSE,45536
WOLF,NasdaqGS,46008
CLDR,NYSE,69131
MNDT,NasdaqGS,46334
LGF.B,NYSE,68833
